n,Straightforward_double,Iterative_double,Delta_double,Straightforward_float,Iterative_float,Delta_float
2,2.618034,2.618034,0.000000,2.618034,2.618034,0.000000
3,4.236068,4.236068,0.000000,4.236068,4.236068,0.000000
4,6.854102,6.854102,0.000000,6.854102,6.854102,0.000000
5,11.090170,11.090170,0.000000,11.090171,11.090170,0.000001
6,17.944272,17.944272,0.000000,17.944273,17.944271,0.000002
7,29.034442,29.034442,0.000000,29.034445,29.034441,0.000004
8,46.978714,46.978714,0.000000,46.978718,46.978714,0.000004
9,76.013156,76.013156,0.000000,76.013161,76.013153,0.000008
10,122.991869,122.991869,0.000000,122.991882,122.991867,0.000015
